,experiment,start,end,topology,parameter,d,dlo,dhi,dscore,dlazy,dout,gossipFactor,interval,startUnix,endUnix
0,383,2023-10-03 14:38:41.3311106,2023-10-03 15:08:41.3340502,unl,reference,8,6,12,4,8,2,0.25,1.0,1696343921,1696345721
1,384,2023-10-04 12:58:35.4458617,2023-10-04 13:13:35.4494771,unl,reference,8,6,12,4,8,2,0.25,1.0,1696424315,1696425215
2,385,2023-10-04 13:25:01.0752251,2023-10-04 13:40:01.0774462,unl,reference,8,6,12,4,8,2,0.25,1.0,1696425901,1696426801
3,386,2023-10-04 14:18:48.4409855,2023-10-04 14:33:48.4430498,unl,reference,8,6,12,4,8,2,0.25,1.0,1696429128,1696430028
4,387,2023-10-04 15:38:33.0103914,2023-10-04 15:53:33.0161317,unl,reference,8,6,12,4,8,2,0.25,1.0,1696433913,1696434813
5,388,2023-10-04 16:20:43.6412122,2023-10-04 16:35:43.6457500,unl,reference,8,6,12,4,8,2,0.25,1.0,1696436443,1696437343
6,389,2023-10-04 17:00:47.8475357,2023-10-04 17:15:47.8502305,unl,reference,8,6,12,4,8,2,0.25,1.0,1696438847,1696439747
7,390,2023-10-04 18:52:03.0807730,2023-10-04 19:22:03.0866518,unl,reference,8,6,12,4,8,2,0.25,1.0,1696445523,1696447323
8,391,2023-10-04 19:25:37.1533399,2023-10-04 19:55:37.1555856,unl,reference,8,6,12,4,8,2,0.25,1.0,1696447537,1696449337
9,392,2023-10-04 19:59:12.6589825,2023-10-04 20:29:12.6608307,unl,reference,8,6,12,4,8,2,0.25,1.0,1696449552,1696451352
10,393,2023-10-04 20:32:47.3098616,2023-10-04 21:02:47.3149178,unl,informed,8,6,12,4,8,2,0.25,3.0,1696451567,1696453367
11,394,2023-10-04 21:06:22.7755634,2023-10-04 21:36:22.7788800,unl,informed,8,6,12,4,8,2,0.25,3.0,1696453582,1696455382
12,395,2023-10-04 21:39:58.6528165,2023-10-04 22:09:58.6545536,unl,informed,8,6,12,4,8,2,0.25,3.0,1696455598,1696457398
13,396,2023-10-04 22:13:33.8146704,2023-10-04 22:43:33.8174094,unl,informed0,16,8,20,16,8,4,0.5,1.0,1696457613,1696459413
14,397,2023-10-04 22:47:09.3837110,2023-10-04 23:17:09.3868442,unl,informed0,16,8,20,16,8,4,0.5,1.0,1696459629,1696461429
15,398,2023-10-04 23:20:44.6001719,2023-10-04 23:50:44.6033804,unl,informed0,16,8,20,16,8,4,0.5,1.0,1696461644,1696463444
16,399,2023-10-04 23:54:20.0569526,2023-10-05 00:24:20.0600345,unl,informed1,16,8,20,16,8,4,0.5,3.0,1696463660,1696465460
17,400,2023-10-05 00:27:54.9094931,2023-10-05 00:57:54.9139767,unl,informed1,16,8,20,16,8,4,0.5,3.0,1696465674,1696467474
18,401,2023-10-05 01:01:29.7404689,2023-10-05 01:31:29.7447830,unl,informed1,16,8,20,16,8,4,0.5,3.0,1696467689,1696469489
19,402,2023-10-05 01:35:05.2471450,2023-10-05 02:05:05.2498822,unl,informed2,16,8,20,16,8,4,0.5,0.5,1696469705,1696471505
20,403,2023-10-05 02:08:38.8365774,2023-10-05 02:38:38.8388547,unl,informed2,16,8,20,16,8,4,0.5,0.5,1696471718,1696473518
21,404,2023-10-05 02:42:12.1044873,2023-10-05 03:12:12.1564872,unl,informed2,16,8,20,16,8,4,0.5,0.5,1696473732,1696475532
22,405,2023-10-05 03:15:44.6418112,2023-10-05 03:45:44.6440687,unl,informed3,6,4,8,2,2,2,0.25,1.0,1696475744,1696477544
23,406,2023-10-05 03:49:18.1204295,2023-10-05 04:19:18.1229836,unl,informed3,6,4,8,2,2,2,0.25,1.0,1696477758,1696479558
24,407,2023-10-05 04:22:52.2414740,2023-10-05 04:52:52.2462956,unl,informed3,6,4,8,2,2,2,0.25,1.0,1696479772,1696481572
25,408,2023-10-05 04:56:26.3498736,2023-10-05 05:26:26.3521057,unl,informed4,6,4,8,2,2,4,0.25,3.0,1696481786,1696483586
26,409,2023-10-05 05:30:00.5744559,2023-10-05 06:00:00.5791877,unl,informed4,6,4,8,2,2,4,0.25,3.0,1696483800,1696485600
27,410,2023-10-05 06:03:34.3244948,2023-10-05 06:33:34.3261479,unl,informed4,6,4,8,2,2,4,4.25,3.0,1696485814,1696487614
28,411,2023-10-05 06:37:09.0033142,2023-10-05 07:07:09.0625238,unl,informed5,6,4,8,2,2,4,0.25,0.5,1696487829,1696489629
29,412,2023-10-05 07:10:41.3942831,2023-10-05 07:40:41.4330557,unl,informed5,6,4,8,2,2,4,0.25,0.5,1696489841,1696491641
30,413,2023-10-05 07:44:14.5138817,2023-10-05 08:14:14.5187431,unl,informed5,6,4,8,2,2,4,0.25,0.5,1696491854,1696493654
31,414,2023-10-05 08:17:47.6568938,2023-10-05 08:47:47.6624653,unl,informed6,20,16,24,8,16,8,0.5,1.0,1696493867,1696495667
32,415,2023-10-05 08:51:21.4260510,2023-10-05 09:21:21.4318060,unl,informed6,20,16,24,8,16,8,0.5,1.0,1696495881,1696497681
33,416,2023-10-05 09:24:55.1451212,2023-10-05 09:54:55.1473148,unl,informed6,20,16,24,8,16,8,0.5,1.0,1696497895,1696499695
34,417,2023-10-05 09:58:28.9436344,2023-10-05 10:28:28.9470953,unl,informed7,16,8,20,4,8,2,0.5,1.0,1696499908,1696501708
35,418,2023-10-05 10:32:02.5356894,2023-10-05 11:02:02.5414324,unl,informed7,16,8,20,4,8,2,0.5,1.0,1696501922,1696503722
36,419,2023-10-05 11:05:36.3102162,2023-10-05 11:35:36.3128990,unl,informed7,16,8,20,4,8,2,0.5,1.0,1696503936,1696505736
37,420,2023-10-05 11:39:10.5516817,2023-10-05 12:09:10.5571911,unl,informed8,16,8,20,8,8,4,0.25,1.0,1696505950,1696507750
38,421,2023-10-05 12:12:45.3317365,2023-10-05 12:42:45.3357632,unl,informed8,16,8,20,8,8,4,0.25,1.0,1696507965,1696509765
39,422,2023-10-05 12:46:21.4449570,2023-10-05 13:16:21.4469923,unl,informed8,16,8,20,8,8,4,0.25,1.0,1696509981,1696511781
40,423,2023-10-05 13:19:56.8543519,2023-10-05 13:49:56.8577023,unl,random1,16,8,20,4,8,2,0.25,1.0,1696511996,1696513796
41,424,2023-10-05 13:53:32.8815014,2023-10-05 14:23:32.8836387,unl,random1,16,8,20,4,8,2,0.25,1.0,1696514012,1696515812
42,425,2023-10-05 14:27:08.8457042,2023-10-05 14:57:08.8495189,unl,random1,16,8,20,4,8,2,0.25,1.0,1696516028,1696517828
43,426,2023-10-05 15:00:43.8038524,2023-10-05 15:30:43.8067712,unl,random2,8,6,16,4,8,2,0.25,1.0,1696518043,1696519843
44,427,2023-10-05 15:34:19.0642570,2023-10-05 16:04:19.0670204,unl,random2,8,6,16,4,8,2,0.25,1.0,1696520059,1696521859
45,428,2023-10-05 16:07:54.8424456,2023-10-05 16:37:54.8478931,unl,random2,8,6,16,4,8,2,0.25,1.0,1696522074,1696523874
46,429,2023-10-05 16:41:30.1820989,2023-10-05 17:11:30.1851301,unl,random3,10,8,16,4,8,2,0.25,1.0,1696524090,1696525890
47,430,2023-10-05 17:15:04.8972814,2023-10-05 17:45:04.8985254,unl,random3,10,8,16,4,8,2,0.25,1.0,1696526104,1696527904
48,431,2023-10-05 17:48:40.4990340,2023-10-05 18:18:40.5023120,unl,random3,10,8,16,4,8,2,0.25,1.0,1696528120,1696529920
49,432,2023-10-05 18:22:16.0702223,2023-10-05 18:52:16.0730665,unl,random4,16,8,20,4,8,2,0.25,0.5,1696530136,1696531936
50,433,2023-10-05 18:55:49.3024816,2023-10-05 19:25:49.3038168,unl,random4,16,8,20,4,8,2,0.25,0.5,1696532149,1696533949
51,434,2023-10-05 19:29:22.2154792,2023-10-05 19:59:22.2174208,unl,random4,16,8,20,4,8,2,0.25,0.5,1696534162,1696535962
52,435,2023-10-05 20:02:55.7276692,2023-10-05 20:32:55.7397385,unl,random5,8,6,16,4,8,2,0.25,0.25,1696536175,1696537975
53,436,2023-10-05 20:36:29.1557443,2023-10-05 21:06:29.2145782,unl,random5,8,6,16,4,8,2,0.25,0.25,1696538189,1696539989
54,437,2023-10-05 21:10:02.3852201,2023-10-05 21:40:02.4036303,unl,random5,8,6,16,4,8,2,0.25,0.25,1696540202,1696542002
55,438,2023-10-05 21:43:35.8409111,2023-10-05 22:13:35.8424312,unl,random6,16,8,20,6,8,2,0.25,1.0,1696542215,1696544015
56,439,2023-10-05 22:17:09.1751395,2023-10-05 22:47:09.1787232,unl,random6,16,8,20,6,8,2,0.25,1.0,1696544229,1696546029
57,440,2023-10-05 22:50:43.0682169,2023-10-05 23:20:43.0768613,unl,random6,16,8,20,6,8,2,0.25,1.0,1696546243,1696548043
58,441,2023-10-05 23:24:17.0038785,2023-10-05 23:54:17.0069524,unl,random7,10,8,16,4,8,4,0.25,1.0,1696548257,1696550057
59,442,2023-10-05 23:57:51.4102025,2023-10-06 00:27:51.4130316,unl,random7,10,8,16,4,8,4,0.25,1.0,1696550271,1696552071
60,443,2023-10-06 00:31:25.6246953,2023-10-06 01:01:25.6267205,unl,random7,10,8,16,4,8,4,0.25,1.0,1696552285,1696554085
61,444,2023-10-06 01:05:00.4165338,2023-10-06 01:35:00.4184232,unl,random8,10,8,16,4,8,2,0.15,1.0,1696554300,1696556100
62,445,2023-10-06 01:38:35.0572866,2023-10-06 02:08:35.0606289,unl,random8,10,8,16,4,8,2,0.15,1.0,1696556315,1696558115
63,446,2023-10-06 02:12:09.6417703,2023-10-06 02:42:09.6465468,unl,random8,10,8,16,4,8,2,0.15,1.0,1696558329,1696560129
64,447,2023-10-06 12:44:53.5773716,2023-10-06 13:14:53.5844533,general,reference,8,6,12,4,8,2,0.25,1.0,1696596293,1696598093
65,448,2023-10-06 13:18:27.1607365,2023-10-06 13:48:27.1642755,general,reference,8,6,12,4,8,2,0.25,1.0,1696598307,1696600107
66,449,2023-10-06 13:52:01.6920421,2023-10-06 14:22:01.7028468,general,reference,8,6,12,4,8,2,0.25,1.0,1696600321,1696602121
67,450,2023-10-06 14:25:35.8012810,2023-10-06 14:55:35.8052178,general,informed,8,6,12,4,8,2,0.25,3.0,1696602335,1696604135
68,451,2023-10-06 14:59:10.1991072,2023-10-06 15:29:10.2018783,general,informed,8,6,12,4,8,2,0.25,3.0,1696604350,1696606150
69,452,2023-10-06 15:32:45.2488027,2023-10-06 16:02:45.2516475,general,informed,8,6,12,4,8,2,0.25,3.0,1696606365,1696608165
70,453,2023-10-06 16:06:20.0990251,2023-10-06 16:36:20.1024894,general,informed0,16,8,20,16,8,4,0.5,1.0,1696608380,1696610180
71,454,2023-10-06 16:39:54.9046144,2023-10-06 17:09:54.9073765,general,informed0,16,8,20,16,8,4,0.5,1.0,1696610394,1696612194
72,455,2023-10-06 17:13:30.5007783,2023-10-06 17:43:30.5044457,general,informed0,16,8,20,16,8,4,0.5,1.0,1696612410,1696614210
73,456,2023-10-06 17:47:05.8867973,2023-10-06 18:17:05.8989873,general,informed1,16,8,20,16,8,4,0.5,3.0,1696614425,1696616225
74,457,2023-10-06 18:20:41.3400834,2023-10-06 18:50:41.3465260,general,informed1,16,8,20,16,8,4,0.5,3.0,1696616441,1696618241
75,458,2023-10-06 18:54:16.5016001,2023-10-06 19:24:16.5047151,general,informed1,16,8,20,16,8,4,0.5,3.0,1696618456,1696620256
76,459,2023-10-06 19:27:52.3103164,2023-10-06 19:57:52.3134117,general,informed2,16,8,20,16,8,4,0.5,0.5,1696620472,1696622272
77,460,2023-10-06 20:01:25.7052156,2023-10-06 20:31:25.7072515,general,informed2,16,8,20,16,8,4,0.5,0.5,1696622485,1696624285
78,461,2023-10-06 20:35:00.0697830,2023-10-06 21:05:00.0727044,general,informed2,16,8,20,16,8,4,0.5,0.5,1696624500,1696626300
79,462,2023-10-06 21:08:34.5708728,2023-10-06 21:38:34.5737987,general,informed3,6,4,8,2,2,2,0.25,1.0,1696626514,1696628314
80,463,2023-10-06 21:42:08.9047605,2023-10-06 22:12:08.9151720,general,informed3,6,4,8,2,2,2,0.25,1.0,1696628528,1696630328
81,464,2023-10-06 22:15:43.7085680,2023-10-06 22:45:43.7128253,general,informed3,6,4,8,2,2,2,0.25,1.0,1696630543,1696632343
82,465,2023-10-06 22:49:19.3241460,2023-10-06 23:19:19.3272686,general,informed4,6,4,8,2,2,4,0.25,3.0,1696632559,1696634359
83,466,2023-10-06 23:22:54.4007280,2023-10-06 23:52:54.4067919,general,informed4,6,4,8,2,2,4,0.25,3.0,1696634574,1696636374
84,467,2023-10-06 23:56:28.9721607,2023-10-07 00:26:28.9751726,general,informed4,6,4,8,2,2,4,4.25,3.0,1696636588,1696638388
85,468,2023-10-07 00:30:03.4671049,2023-10-07 01:00:03.4709628,general,informed5,6,4,8,2,2,4,0.25,0.5,1696638603,1696640403
86,469,2023-10-07 01:03:36.8665376,2023-10-07 01:33:36.9259411,general,informed5,6,4,8,2,2,4,0.25,0.5,1696640616,1696642416
87,470,2023-10-07 01:37:10.5563973,2023-10-07 02:07:10.5602477,general,informed5,6,4,8,2,2,4,0.25,0.5,1696642630,1696644430
88,471,2023-10-07 02:10:44.2127354,2023-10-07 02:40:44.2138472,general,informed6,20,16,24,8,16,8,0.5,1.0,1696644644,1696646444
89,472,2023-10-07 02:44:17.8714048,2023-10-07 03:14:17.8735425,general,informed6,20,16,24,8,16,8,0.5,1.0,1696646657,1696648457
90,473,2023-10-07 03:17:52.4217125,2023-10-07 03:47:52.4247819,general,informed6,20,16,24,8,16,8,0.5,1.0,1696648672,1696650472
91,474,2023-10-07 03:51:27.1796462,2023-10-07 04:21:27.1810994,general,informed7,16,8,20,4,8,2,0.5,1.0,1696650687,1696652487
92,475,2023-10-07 04:25:02.1789090,2023-10-07 04:55:02.1828805,general,informed7,16,8,20,4,8,2,0.5,1.0,1696652702,1696654502
93,476,2023-10-07 04:58:37.7492024,2023-10-07 05:28:37.7520370,general,informed7,16,8,20,4,8,2,0.5,1.0,1696654717,1696656517
94,477,2023-10-07 05:32:13.5795589,2023-10-07 06:02:13.5806105,general,informed8,16,8,20,8,8,4,0.25,1.0,1696656733,1696658533
95,478,2023-10-07 06:05:48.8268084,2023-10-07 06:35:48.8293345,general,informed8,16,8,20,8,8,4,0.25,1.0,1696658748,1696660548
96,479,2023-10-07 06:39:25.1555991,2023-10-07 07:09:25.1582296,general,informed8,16,8,20,8,8,4,0.25,1.0,1696660765,1696662565
97,480,2023-10-07 07:13:01.6018247,2023-10-07 07:43:01.6115872,general,random1,16,8,20,4,8,2,0.25,1.0,1696662781,1696664581
98,481,2023-10-07 07:46:37.2641380,2023-10-07 08:16:37.2667244,general,random1,16,8,20,4,8,2,0.25,1.0,1696664797,1696666597
99,482,2023-10-07 08:20:12.1259658,2023-10-07 08:50:12.1286842,general,random1,16,8,20,4,8,2,0.25,1.0,1696666812,1696668612
100,483,2023-10-07 08:53:47.9306431,2023-10-07 09:23:47.9344090,general,random2,8,6,16,4,8,2,0.25,1.0,1696668827,1696670627
101,484,2023-10-07 09:27:23.5564394,2023-10-07 09:57:23.5608384,general,random2,8,6,16,4,8,2,0.25,1.0,1696670843,1696672643
102,485,2023-10-07 10:00:58.9476791,2023-10-07 10:30:58.9493874,general,random2,8,6,16,4,8,2,0.25,1.0,1696672858,1696674658
103,486,2023-10-07 10:34:33.8341911,2023-10-07 11:04:33.8396388,general,random3,10,8,16,4,8,2,0.25,1.0,1696674873,1696676673
104,487,2023-10-07 11:08:09.3347918,2023-10-07 11:38:09.3408422,general,random3,10,8,16,4,8,2,0.25,1.0,1696676889,1696678689
105,488,2023-10-07 11:41:44.6548869,2023-10-07 12:11:44.6589887,general,random3,10,8,16,4,8,2,0.25,1.0,1696678904,1696680704
106,489,2023-10-07 12:15:20.2648827,2023-10-07 12:45:20.2660224,general,random4,16,8,20,4,8,2,0.25,0.5,1696680920,1696682720
107,490,2023-10-07 12:48:53.5652941,2023-10-07 13:18:53.6241015,general,random4,16,8,20,4,8,2,0.25,0.5,1696682933,1696684733
108,491,2023-10-07 13:22:27.3902573,2023-10-07 13:52:27.3919197,general,random4,16,8,20,4,8,2,0.25,0.5,1696684947,1696686747
109,492,2023-10-07 13:56:01.7310944,2023-10-07 14:26:01.7354007,general,random5,8,6,16,4,8,2,0.25,0.25,1696686961,1696688761
110,493,2023-10-07 14:29:35.5720231,2023-10-07 14:59:35.5768388,general,random5,8,6,16,4,8,2,0.25,0.25,1696688975,1696690775
111,494,2023-10-07 15:03:09.3485947,2023-10-07 15:33:09.3571562,general,random5,8,6,16,4,8,2,0.25,0.25,1696690989,1696692789
112,495,2023-10-07 15:36:43.5637558,2023-10-07 16:06:43.5740772,general,random6,16,8,20,6,8,2,0.25,1.0,1696693003,1696694803
113,496,2023-10-07 16:10:18.6296973,2023-10-07 16:40:18.6312433,general,random6,16,8,20,6,8,2,0.25,1.0,1696695018,1696696818
114,497,2023-10-07 16:43:53.6696272,2023-10-07 17:13:53.6749959,general,random6,16,8,20,6,8,2,0.25,1.0,1696697033,1696698833
115,498,2023-10-07 17:17:27.9572419,2023-10-07 17:47:27.9608990,general,random7,10,8,16,4,8,4,0.25,1.0,1696699047,1696700847
116,499,2023-10-07 17:51:02.1646342,2023-10-07 18:21:02.1683346,general,random7,10,8,16,4,8,4,0.25,1.0,1696701062,1696702862
117,500,2023-10-07 18:24:36.7102649,2023-10-07 18:54:36.7142322,general,random7,10,8,16,4,8,4,0.25,1.0,1696703076,1696704876
118,501,2023-10-07 18:58:11.6688175,2023-10-07 19:28:11.6749524,general,random8,10,8,16,4,8,2,0.15,1.0,1696705091,1696706891
119,502,2023-10-07 19:31:45.7670807,2023-10-07 20:01:45.7694682,general,random8,10,8,16,4,8,2,0.15,1.0,1696707105,1696708905
120,503,2023-10-07 20:05:19.8133166,2023-10-07 20:35:19.8194786,general,random8,10,8,16,4,8,2,0.15,1.0,1696709119,1696710919
121,504,2023-11-07 17:39:47.1178983,2023-11-07 18:09:47.1236586,unl,reference,8,6,12,4,8,2,0.25,1.0,1699378787,1699380587
122,505,2023-11-07 18:12:32.6142390,2023-11-07 18:42:32.6167070,unl,reference,8,6,12,4,8,2,0.25,1.0,1699380752,1699382552
123,506,2023-11-07 18:46:01.6133827,2023-11-07 19:16:01.6158393,unl,reference,8,6,12,4,8,2,0.25,1.0,1699382761,1699384561
124,507,2023-11-07 19:19:31.9016456,2023-11-07 19:49:31.9049682,unl,informed,8,6,12,4,8,2,0.25,3.0,1699384771,1699386571
125,508,2023-11-07 19:53:02.1119206,2023-11-07 20:23:02.1170475,unl,informed,8,6,12,4,8,2,0.25,3.0,1699386782,1699388582
126,509,2023-11-07 20:26:32.4994457,2023-11-07 20:56:32.5018659,unl,informed,8,6,12,4,8,2,0.25,3.0,1699388792,1699390592
127,510,2023-11-07 21:00:03.5598397,2023-11-07 21:30:03.5622902,unl,informed0,16,8,20,16,8,4,0.5,1.0,1699390803,1699392603
128,511,2023-11-07 21:33:34.0477743,2023-11-07 22:03:34.0491393,unl,informed0,16,8,20,16,8,4,0.5,1.0,1699392814,1699394614
129,512,2023-11-07 22:07:04.7070522,2023-11-07 22:37:04.7080630,unl,informed0,16,8,20,16,8,4,0.5,1.0,1699394824,1699396624
130,513,2023-11-07 22:40:35.6807253,2023-11-07 23:10:35.6859489,unl,informed1,16,8,20,16,8,4,0.5,3.0,1699396835,1699398635
131,514,2023-11-07 23:14:06.2209707,2023-11-07 23:44:06.2220831,unl,informed1,16,8,20,16,8,4,0.5,3.0,1699398846,1699400646
132,515,2023-11-07 23:47:37.3038190,2023-11-08 00:17:37.3064130,unl,informed1,16,8,20,16,8,4,0.5,3.0,1699400857,1699402657
133,516,2023-11-08 00:21:08.1585819,2023-11-08 00:51:08.2080839,unl,informed2,16,8,20,16,8,4,0.5,0.5,1699402868,1699404668
134,517,2023-11-08 00:54:37.1934314,2023-11-08 01:24:37.1980710,unl,informed2,16,8,20,16,8,4,0.5,0.5,1699404877,1699406677
135,518,2023-11-08 01:28:06.5063790,2023-11-08 01:58:06.5154308,unl,informed2,16,8,20,16,8,4,0.5,0.5,1699406886,1699408686
136,519,2023-11-08 02:01:36.1265616,2023-11-08 02:31:36.1312701,unl,informed3,6,4,8,2,2,2,0.25,1.0,1699408896,1699410696
137,520,2023-11-08 02:35:05.9104270,2023-11-08 03:05:05.9118565,unl,informed3,6,4,8,2,2,2,0.25,1.0,1699410905,1699412705
138,521,2023-11-08 03:08:36.1469516,2023-11-08 03:38:36.1486421,unl,informed3,6,4,8,2,2,2,0.25,1.0,1699412916,1699414716
139,522,2023-11-08 03:42:06.6471529,2023-11-08 04:12:06.6486114,unl,informed4,6,4,8,2,2,4,0.25,3.0,1699414926,1699416726
140,523,2023-11-08 04:15:36.2400420,2023-11-08 04:45:36.2499079,unl,informed4,6,4,8,2,2,4,0.25,3.0,1699416936,1699418736
141,524,2023-11-08 04:49:07.4268152,2023-11-08 05:19:07.4358495,unl,informed4,6,4,8,2,2,4,4.25,3.0,1699418947,1699420747
142,525,2023-11-08 05:22:38.8338722,2023-11-08 05:52:38.8574236,unl,informed5,6,4,8,2,2,4,0.25,0.5,1699420958,1699422758
143,526,2023-11-08 05:56:09.3392965,2023-11-08 06:26:09.3415673,unl,informed5,6,4,8,2,2,4,0.25,0.5,1699422969,1699424769
144,527,2023-11-08 06:29:42.0921708,2023-11-08 06:59:42.1493647,unl,informed5,6,4,8,2,2,4,0.25,0.5,1699424982,1699426782
145,528,2023-11-08 07:03:18.5898520,2023-11-08 07:33:18.5921585,unl,informed6,20,16,24,8,16,8,0.5,1.0,1699426998,1699428798
146,529,2023-11-08 07:36:49.1825474,2023-11-08 08:06:49.1858270,unl,informed6,20,16,24,8,16,8,0.5,1.0,1699429009,1699430809
147,530,2023-11-08 08:10:22.2424503,2023-11-08 08:40:22.2468695,unl,informed6,20,16,24,8,16,8,0.5,1.0,1699431022,1699432822
148,531,2023-11-08 08:43:56.3292090,2023-11-08 09:13:56.3321331,unl,informed7,16,8,20,4,8,2,0.5,1.0,1699433036,1699434836
149,532,2023-11-08 09:17:30.3206396,2023-11-08 09:47:30.3264720,unl,informed7,16,8,20,4,8,2,0.5,1.0,1699435050,1699436850
150,533,2023-11-08 09:51:04.7958358,2023-11-08 10:21:04.7976593,unl,informed7,16,8,20,4,8,2,0.5,1.0,1699437064,1699438864
151,534,2023-11-08 10:24:39.5623685,2023-11-08 10:54:39.5650945,unl,informed8,16,8,20,8,8,4,0.25,1.0,1699439079,1699440879
152,535,2023-11-08 10:58:14.3057527,2023-11-08 11:28:14.3091706,unl,informed8,16,8,20,8,8,4,0.25,1.0,1699441094,1699442894
153,536,2023-11-08 11:31:49.8994241,2023-11-08 12:01:49.9126095,unl,informed8,16,8,20,8,8,4,0.25,1.0,1699443109,1699444909
154,537,2023-11-08 12:05:24.7861645,2023-11-08 12:35:24.7912689,unl,random1,16,8,20,4,8,2,0.25,1.0,1699445124,1699446924
155,538,2023-11-08 12:39:00.1044470,2023-11-08 13:09:00.1075465,unl,random1,16,8,20,4,8,2,0.25,1.0,1699447140,1699448940
156,539,2023-11-08 13:12:35.4797302,2023-11-08 13:42:35.4852183,unl,random1,16,8,20,4,8,2,0.25,1.0,1699449155,1699450955
157,540,2023-11-08 13:46:11.1427324,2023-11-08 14:16:11.1445688,unl,random2,8,6,16,4,8,2,0.25,1.0,1699451171,1699452971
158,541,2023-11-08 14:19:46.2758031,2023-11-08 14:49:46.2788764,unl,random2,8,6,16,4,8,2,0.25,1.0,1699453186,1699454986
159,542,2023-11-08 14:53:21.2136757,2023-11-08 15:23:21.2184870,unl,random2,8,6,16,4,8,2,0.25,1.0,1699455201,1699457001
160,543,2023-11-08 15:26:56.6894499,2023-11-08 15:56:56.6944033,unl,random3,10,8,16,4,8,2,0.25,1.0,1699457216,1699459016
161,544,2023-11-08 16:00:31.4472371,2023-11-08 16:30:31.4540660,unl,random3,10,8,16,4,8,2,0.25,1.0,1699459231,1699461031
162,545,2023-11-08 16:34:06.2582797,2023-11-08 17:04:06.2671750,unl,random3,10,8,16,4,8,2,0.25,1.0,1699461246,1699463046
163,546,2023-11-08 17:07:41.8762712,2023-11-08 17:37:41.8778475,unl,random4,16,8,20,4,8,2,0.25,0.5,1699463261,1699465061
164,547,2023-11-08 17:41:15.5591220,2023-11-08 18:11:15.5611833,unl,random4,16,8,20,4,8,2,0.25,0.5,1699465275,1699467075
165,548,2023-11-08 18:14:49.4345041,2023-11-08 18:44:49.4931216,unl,random4,16,8,20,4,8,2,0.25,0.5,1699467289,1699469089
166,549,2023-11-08 18:48:22.9881894,2023-11-08 19:18:23.0245076,unl,random5,8,6,16,4,8,2,0.25,0.25,1699469302,1699471103
167,550,2023-11-08 19:21:56.2467064,2023-11-08 19:51:56.2720103,unl,random5,8,6,16,4,8,2,0.25,0.25,1699471316,1699473116
168,551,2023-11-08 19:55:29.5346581,2023-11-08 20:25:29.5574309,unl,random5,8,6,16,4,8,2,0.25,0.25,1699473329,1699475129
169,552,2023-11-08 20:29:02.9230418,2023-11-08 20:59:02.9243527,unl,random6,16,8,20,6,8,2,0.25,1.0,1699475342,1699477142
170,553,2023-11-08 21:02:36.4091535,2023-11-08 21:32:36.4102125,unl,random6,16,8,20,6,8,2,0.25,1.0,1699477356,1699479156
171,554,2023-11-08 21:36:10.6525465,2023-11-08 22:06:10.6634140,unl,random6,16,8,20,6,8,2,0.25,1.0,1699479370,1699481170
172,555,2023-11-08 22:09:44.4981315,2023-11-08 22:39:44.5080613,unl,random7,10,8,16,4,8,4,0.25,1.0,1699481384,1699483184
173,556,2023-11-08 22:43:18.8052977,2023-11-08 23:13:18.8180332,unl,random7,10,8,16,4,8,4,0.25,1.0,1699483398,1699485198
174,557,2023-11-08 23:16:53.2212802,2023-11-08 23:46:53.2287382,unl,random7,10,8,16,4,8,4,0.25,1.0,1699485413,1699487213
175,558,2023-11-08 23:50:27.8587563,2023-11-09 00:20:27.8608595,unl,random8,10,8,16,4,8,2,0.15,1.0,1699487427,1699489227
176,559,2023-11-09 00:24:02.2827982,2023-11-09 00:54:02.2869829,unl,random8,10,8,16,4,8,2,0.15,1.0,1699489442,1699491242
177,560,2023-11-09 00:57:36.8816797,2023-11-09 01:27:36.8913958,unl,random8,10,8,16,4,8,2,0.15,1.0,1699491456,1699493256
178,561,2023-11-09 16:54:12.9088421,2023-11-09 17:24:12.9120331,general,reference,8,6,12,4,8,2,0.25,1.0,1699548852,1699550652
179,562,2023-11-09 17:27:38.4818997,2023-11-09 17:57:38.4871838,general,reference,8,6,12,4,8,2,0.25,1.0,1699550858,1699552658
180,563,2023-11-09 18:01:13.6281794,2023-11-09 18:31:13.6321105,general,reference,8,6,12,4,8,2,0.25,1.0,1699552873,1699554673
181,564,2023-11-09 18:34:47.7433530,2023-11-09 19:04:47.7454718,general,informed,8,6,12,4,8,2,0.25,3.0,1699554887,1699556687
182,565,2023-11-09 19:08:23.8760907,2023-11-09 19:38:23.8803840,general,informed,8,6,12,4,8,2,0.25,3.0,1699556903,1699558703
183,566,2023-11-09 19:41:57.4965492,2023-11-09 20:11:57.5016932,general,informed,8,6,12,4,8,2,0.25,3.0,1699558917,1699560717
184,567,2023-11-09 20:15:32.1697839,2023-11-09 20:45:32.1721835,general,informed0,16,8,20,16,8,4,0.5,1.0,1699560932,1699562732
185,568,2023-11-09 20:49:07.6633790,2023-11-09 21:19:07.6649545,general,informed0,16,8,20,16,8,4,0.5,1.0,1699562947,1699564747
186,569,2023-11-09 21:22:42.5640205,2023-11-09 21:52:42.5680713,general,informed0,16,8,20,16,8,4,0.5,1.0,1699564962,1699566762
187,570,2023-11-09 21:56:18.2959907,2023-11-09 22:26:18.2985800,general,informed1,16,8,20,16,8,4,0.5,3.0,1699566978,1699568778
188,571,2023-11-09 22:29:53.6687651,2023-11-09 22:59:53.6707735,general,informed1,16,8,20,16,8,4,0.5,3.0,1699568993,1699570793
189,572,2023-11-09 23:03:29.8642664,2023-11-09 23:33:29.8675724,general,informed1,16,8,20,16,8,4,0.5,3.0,1699571009,1699572809
190,573,2023-11-09 23:37:05.8084965,2023-11-10 00:07:05.8680208,general,informed2,16,8,20,16,8,4,0.5,0.5,1699573025,1699574825
191,574,2023-11-10 00:10:39.7249922,2023-11-10 00:40:39.7264471,general,informed2,16,8,20,16,8,4,0.5,0.5,1699575039,1699576839
192,575,2023-11-10 00:44:13.8963152,2023-11-10 01:14:13.9004203,general,informed2,16,8,20,16,8,4,0.5,0.5,1699577053,1699578853
193,576,2023-11-10 01:17:47.7550228,2023-11-10 01:47:47.7609992,general,informed3,6,4,8,2,2,2,0.25,1.0,1699579067,1699580867
194,577,2023-11-10 01:51:21.4739832,2023-11-10 02:21:21.4758061,general,informed3,6,4,8,2,2,2,0.25,1.0,1699581081,1699582881
195,578,2023-11-10 02:24:55.8860956,2023-11-10 02:54:55.8886797,general,informed3,6,4,8,2,2,2,0.25,1.0,1699583095,1699584895
196,579,2023-11-10 02:58:30.8113332,2023-11-10 03:28:30.8156995,general,informed4,6,4,8,2,2,4,0.25,3.0,1699585110,1699586910
197,580,2023-11-10 03:32:05.0667427,2023-11-10 04:02:05.0717821,general,informed4,6,4,8,2,2,4,0.25,3.0,1699587125,1699588925
198,581,2023-11-10 04:05:39.5830686,2023-11-10 04:35:39.5868456,general,informed4,6,4,8,2,2,4,4.25,3.0,1699589139,1699590939
199,582,2023-11-10 04:39:14.3729104,2023-11-10 05:09:14.4343253,general,informed5,6,4,8,2,2,4,0.25,0.5,1699591154,1699592954
200,583,2023-11-10 05:12:48.7247844,2023-11-10 05:42:48.7874534,general,informed5,6,4,8,2,2,4,0.25,0.5,1699593168,1699594968
201,584,2023-11-10 05:46:22.6121293,2023-11-10 06:16:22.6133503,general,informed5,6,4,8,2,2,4,0.25,0.5,1699595182,1699596982
202,585,2023-11-10 06:19:56.3469869,2023-11-10 06:49:56.3540593,general,informed6,20,16,24,8,16,8,0.5,1.0,1699597196,1699598996
203,586,2023-11-10 06:53:30.9944122,2023-11-10 07:23:30.9980721,general,informed6,20,16,24,8,16,8,0.5,1.0,1699599210,1699601010
204,587,2023-11-10 07:27:05.6768877,2023-11-10 07:57:05.6811705,general,informed6,20,16,24,8,16,8,0.5,1.0,1699601225,1699603025
205,588,2023-11-10 08:00:40.0805600,2023-11-10 08:30:40.0888856,general,informed7,16,8,20,4,8,2,0.5,1.0,1699603240,1699605040
206,589,2023-11-10 08:34:14.2744936,2023-11-10 09:04:14.2763588,general,informed7,16,8,20,4,8,2,0.5,1.0,1699605254,1699607054
207,590,2023-11-10 09:07:48.9610323,2023-11-10 09:37:48.9685095,general,informed7,16,8,20,4,8,2,0.5,1.0,1699607268,1699609068
208,591,2023-11-10 09:41:24.2200212,2023-11-10 10:11:24.2221156,general,informed8,16,8,20,8,8,4,0.25,1.0,1699609284,1699611084
209,592,2023-11-10 10:14:59.2686401,2023-11-10 10:44:59.2714599,general,informed8,16,8,20,8,8,4,0.25,1.0,1699611299,1699613099
210,593,2023-11-10 10:48:33.8539374,2023-11-10 11:18:33.8568756,general,informed8,16,8,20,8,8,4,0.25,1.0,1699613313,1699615113
211,594,2023-11-10 11:22:09.7599032,2023-11-10 11:52:09.7643307,general,random1,16,8,20,4,8,2,0.25,1.0,1699615329,1699617129
212,595,2023-11-10 11:55:44.8554740,2023-11-10 12:25:44.8632807,general,random1,16,8,20,4,8,2,0.25,1.0,1699617344,1699619144
213,596,2023-11-10 12:29:20.2975210,2023-11-10 12:59:20.3008169,general,random1,16,8,20,4,8,2,0.25,1.0,1699619360,1699621160
214,597,2023-11-10 13:02:56.2690239,2023-11-10 13:32:56.2723674,general,random2,8,6,16,4,8,2,0.25,1.0,1699621376,1699623176
215,598,2023-11-10 13:36:32.0131152,2023-11-10 14:06:32.0194709,general,random2,8,6,16,4,8,2,0.25,1.0,1699623392,1699625192
216,599,2023-11-10 14:10:08.1279027,2023-11-10 14:40:08.1307082,general,random2,8,6,16,4,8,2,0.25,1.0,1699625408,1699627208
217,600,2023-11-10 14:43:44.1886164,2023-11-10 15:13:44.1921266,general,random3,10,8,16,4,8,2,0.25,1.0,1699627424,1699629224
218,601,2023-11-10 15:17:19.5855699,2023-11-10 15:47:19.5900222,general,random3,10,8,16,4,8,2,0.25,1.0,1699629439,1699631239
219,602,2023-11-10 15:50:55.5209916,2023-11-10 16:20:55.5231350,general,random3,10,8,16,4,8,2,0.25,1.0,1699631455,1699633255
220,603,2023-11-10 16:24:31.4004661,2023-11-10 16:54:31.4020518,general,random4,16,8,20,4,8,2,0.25,0.5,1699633471,1699635271
221,604,2023-11-10 16:58:05.1488286,2023-11-10 17:28:05.1510005,general,random4,16,8,20,4,8,2,0.25,0.5,1699635485,1699637285
222,605,2023-11-10 17:31:39.4974010,2023-11-10 18:01:39.5114367,general,random4,16,8,20,4,8,2,0.25,0.5,1699637499,1699639299
223,606,2023-11-10 18:05:13.7368382,2023-11-10 18:35:13.7473414,general,random5,8,6,16,4,8,2,0.25,0.25,1699639513,1699641313
224,607,2023-11-10 18:38:48.3672051,2023-11-10 19:08:48.4295223,general,random5,8,6,16,4,8,2,0.25,0.25,1699641528,1699643328
225,608,2023-11-10 19:12:22.4294027,2023-11-10 19:42:22.4312185,general,random5,8,6,16,4,8,2,0.25,0.25,1699643542,1699645342
226,609,2023-11-10 19:45:57.0029094,2023-11-10 20:15:57.0097123,general,random6,16,8,20,6,8,2,0.25,1.0,1699645557,1699647357
227,610,2023-11-10 20:19:31.5759814,2023-11-10 20:49:31.5770487,general,random6,16,8,20,6,8,2,0.25,1.0,1699647571,1699649371
228,611,2023-11-10 20:53:06.0131276,2023-11-10 21:23:06.0170398,general,random6,16,8,20,6,8,2,0.25,1.0,1699649586,1699651386
229,612,2023-11-10 21:26:40.8501340,2023-11-10 21:56:40.8577180,general,random7,10,8,16,4,8,4,0.25,1.0,1699651600,1699653400
230,613,2023-11-10 22:00:15.9096676,2023-11-10 22:30:15.9116180,general,random7,10,8,16,4,8,4,0.25,1.0,1699653615,1699655415
231,614,2023-11-10 22:33:50.1882654,2023-11-10 23:03:50.1908570,general,random7,10,8,16,4,8,4,0.25,1.0,1699655630,1699657430
232,615,2023-11-10 23:07:25.2883952,2023-11-10 23:37:25.2912740,general,random8,10,8,16,4,8,2,0.15,1.0,1699657645,1699659445
233,616,2023-11-10 23:41:01.0448180,2023-11-11 00:11:01.0479786,general,random8,10,8,16,4,8,2,0.15,1.0,1699659661,1699661461
234,617,2023-11-11 00:14:36.1433985,2023-11-11 00:44:36.1497108,general,random8,10,8,16,4,8,2,0.15,1.0,1699661676,1699663476
235,618,2023-11-16 21:11:58.8405660,2023-11-16 21:41:58.8429866,unl,informed9,8,6,12,4,6,2,0.15,3.0,1700169118,1700170918
236,619,2023-11-16 21:45:27.7643452,2023-11-16 22:15:27.7677002,unl,informed9,8,6,12,4,6,2,0.15,3.0,1700171127,1700172927
237,620,2023-11-16 22:19:01.4425719,2023-11-16 22:49:01.4476435,unl,informed9,8,6,12,4,6,2,0.15,3.0,1700173141,1700174941
238,621,2023-11-16 22:52:35.0247897,2023-11-16 23:22:35.0288852,unl,informed10,16,6,20,4,6,4,0.5,1.0,1700175155,1700176955
239,622,2023-11-16 23:26:08.6240216,2023-11-16 23:56:08.6271928,unl,informed10,16,6,20,4,6,4,0.5,1.0,1700177168,1700178968
240,623,2023-11-16 23:59:42.3830669,2023-11-17 00:29:42.3863504,unl,informed10,16,6,20,4,6,4,0.5,1.0,1700179182,1700180982
241,624,2023-11-17 00:33:15.8462845,2023-11-17 01:03:15.8485642,unl,informed11,16,8,20,8,8,4,0.15,3.0,1700181195,1700182995
242,625,2023-11-17 01:06:49.2800187,2023-11-17 01:36:49.2818318,unl,informed11,16,8,20,8,8,4,0.15,3.0,1700183209,1700185009
243,626,2023-11-17 01:40:22.8064965,2023-11-17 02:10:22.8076993,unl,informed11,16,8,20,8,8,4,0.15,3.0,1700185222,1700187022
244,627,2023-11-17 02:13:56.7446117,2023-11-17 02:43:56.8039756,unl,informed12,16,8,15,16,8,4,0.75,0.5,1700187236,1700189036
245,628,2023-11-17 02:47:29.4257461,2023-11-17 03:17:29.4324197,unl,informed12,16,8,15,16,8,4,0.75,0.5,1700189249,1700191049
246,629,2023-11-17 03:21:01.7959358,2023-11-17 03:51:01.8567301,unl,informed12,16,8,15,16,8,4,0.75,0.5,1700191261,1700193061
247,630,2023-11-17 03:54:34.3169159,2023-11-17 04:24:34.3217851,unl,informed13,5,4,7,3,2,2,0.25,1.0,1700193274,1700195074
248,631,2023-11-17 04:28:07.2762414,2023-11-17 04:58:07.2791021,unl,informed13,5,4,7,3,2,2,0.25,1.0,1700195287,1700197087
249,632,2023-11-17 05:01:40.9679665,2023-11-17 05:31:40.9708049,unl,informed13,5,4,7,3,2,2,0.25,1.0,1700197300,1700199100
250,633,2023-11-17 05:35:14.9529245,2023-11-17 06:05:14.9559338,unl,informed14,6,4,8,7,5,4,0.25,3.0,1700199314,1700201114
251,634,2023-11-17 06:08:48.8397316,2023-11-17 06:38:48.8435769,unl,informed14,6,4,8,7,5,4,0.25,3.0,1700201328,1700203128
252,635,2023-11-17 06:42:22.8565485,2023-11-17 07:12:22.8597625,unl,informed14,6,4,8,7,5,4,4.25,3.0,1700203342,1700205142
253,636,2023-11-17 07:15:57.3446798,2023-11-17 07:45:57.3471956,unl,informed15,6,3,8,2,2,4,0.25,0.5,1700205357,1700207157
254,637,2023-11-17 07:49:30.2791751,2023-11-17 08:19:30.3103294,unl,informed15,6,3,8,2,2,4,0.25,0.5,1700207370,1700209170
255,638,2023-11-17 08:23:03.0112121,2023-11-17 08:53:03.0485708,unl,informed15,6,3,8,2,2,4,0.25,0.5,1700209383,1700211183
256,639,2023-11-17 08:56:36.1136819,2023-11-17 09:26:36.1210690,unl,informed16,21,16,24,5,16,8,0.5,1.0,1700211396,1700213196
257,640,2023-11-17 09:30:09.2402946,2023-11-17 10:00:09.2497084,unl,informed16,21,16,24,5,16,8,0.5,1.0,1700213409,1700215209
258,641,2023-11-17 10:03:42.4091251,2023-11-17 10:33:42.4114497,unl,informed16,21,16,24,5,16,8,0.5,1.0,1700215422,1700217222
259,642,2023-11-21 15:24:52.4720765,2023-11-21 15:54:52.4750780,general,informed9,8,6,12,4,6,2,0.15,3.0,1700580292,1700582092
260,643,2023-11-21 15:58:26.2385739,2023-11-21 16:28:26.2470730,general,informed9,8,6,12,4,6,2,0.15,3.0,1700582306,1700584106
261,644,2023-11-21 16:31:59.9970877,2023-11-21 17:02:00.0047743,general,informed9,8,6,12,4,6,2,0.15,3.0,1700584319,1700586120
262,645,2023-11-21 17:05:33.6824106,2023-11-21 17:35:33.6886246,general,informed10,16,6,20,4,6,4,0.5,1.0,1700586333,1700588133
263,646,2023-11-21 17:39:08.0129121,2023-11-21 18:09:08.0166440,general,informed10,16,6,20,4,6,4,0.5,1.0,1700588348,1700590148
264,647,2023-11-21 18:12:42.0079651,2023-11-21 18:42:42.0110142,general,informed10,16,6,20,4,6,4,0.5,1.0,1700590362,1700592162
265,648,2023-11-21 18:46:16.3191492,2023-11-21 19:16:16.3207097,general,informed11,16,8,20,8,8,4,0.15,3.0,1700592376,1700594176
266,649,2023-11-21 19:19:50.6788162,2023-11-21 19:49:50.6887671,general,informed11,16,8,20,8,8,4,0.15,3.0,1700594390,1700596190
267,650,2023-11-21 19:53:25.1009466,2023-11-21 20:23:25.1072124,general,informed11,16,8,20,8,8,4,0.15,3.0,1700596405,1700598205
268,651,2023-11-21 20:26:59.6970253,2023-11-21 20:56:59.7013529,general,informed12,16,8,15,16,8,4,0.75,0.5,1700598419,1700600219
269,652,2023-11-21 21:00:32.4770009,2023-11-21 21:30:32.4890113,general,informed12,16,8,15,16,8,4,0.75,0.5,1700600432,1700602232
270,653,2023-11-21 21:34:06.4672540,2023-11-21 22:04:06.4816988,general,informed12,16,8,15,16,8,4,0.75,0.5,1700602446,1700604246
271,654,2023-11-21 22:07:40.2346165,2023-11-21 22:37:40.2385545,general,informed13,5,4,7,3,2,2,0.25,1.0,1700604460,1700606260
272,655,2023-11-21 22:41:14.2028913,2023-11-21 23:11:14.2104657,general,informed13,5,4,7,3,2,2,0.25,1.0,1700606474,1700608274
273,656,2023-11-21 23:14:48.2294649,2023-11-21 23:44:48.2363093,general,informed13,5,4,7,3,2,2,0.25,1.0,1700608488,1700610288
274,657,2023-11-21 23:48:22.6068989,2023-11-22 00:18:22.6099262,general,informed14,6,4,8,7,5,4,0.25,3.0,1700610502,1700612302
275,658,2023-11-22 00:21:57.0236579,2023-11-22 00:51:57.0268426,general,informed14,6,4,8,7,5,4,0.25,3.0,1700612517,1700614317
276,659,2023-11-22 00:55:31.7982279,2023-11-22 01:25:31.8006414,general,informed14,6,4,8,7,5,4,4.25,3.0,1700614531,1700616331
277,660,2023-11-22 01:29:06.3602456,2023-11-22 01:59:06.3648203,general,informed15,6,3,8,2,2,4,0.25,0.5,1700616546,1700618346
278,661,2023-11-22 02:02:40.2343885,2023-11-22 02:32:40.2368451,general,informed15,6,3,8,2,2,4,0.25,0.5,1700618560,1700620360
279,662,2023-11-22 02:36:14.2823737,2023-11-22 03:06:14.2932442,general,informed15,6,3,8,2,2,4,0.25,0.5,1700620574,1700622374
280,663,2023-11-22 03:09:48.5789046,2023-11-22 03:39:48.5860069,general,informed16,21,16,24,5,16,8,0.5,1.0,1700622588,1700624388
281,664,2023-11-22 03:43:22.2716142,2023-11-22 04:13:22.2769946,general,informed16,21,16,24,5,16,8,0.5,1.0,1700624602,1700626402
282,665,2023-11-22 04:16:56.2570170,2023-11-22 04:46:56.2665149,general,informed16,21,16,24,5,16,8,0.5,1.0,1700626616,1700628416
283,666,2024-01-11 14:44:15.0707839,2024-01-11 15:14:15.0739790,general,random17,8,6,20,5,7,2,0.5,3.0,1704984255,1704986055
284,667,2024-01-11 15:17:48.8126684,2024-01-11 15:47:48.8151329,general,random17,8,6,20,5,7,2,0.5,3.0,1704986268,1704988068
285,668,2024-01-11 15:51:23.8943734,2024-01-11 16:21:23.8986731,general,random17,8,6,20,5,7,2,0.5,3.0,1704988283,1704990083
286,669,2024-01-11 16:24:59.1698608,2024-01-11 16:54:59.1740249,general,random18,17,2,20,4,6,4,0.5,0.25,1704990299,1704992099
287,670,2024-01-11 16:58:33.7615835,2024-01-11 17:28:33.8203816,general,random18,17,2,20,4,6,4,0.5,0.25,1704992313,1704994113
288,671,2024-01-11 17:32:08.2827135,2024-01-11 18:02:08.2893527,general,random18,17,2,20,4,6,4,0.5,0.25,1704994328,1704996128
289,672,2024-01-11 18:05:42.8772237,2024-01-11 18:35:42.8811082,general,random19,12,8,21,9,8,4,0.15,2.0,1704996342,1704998142
290,673,2024-01-11 18:39:17.7355599,2024-01-11 19:09:17.7473760,general,random19,12,8,21,9,8,4,0.15,2.0,1704998357,1705000157
291,674,2024-01-11 19:12:52.8105857,2024-01-11 19:42:52.8153316,general,random19,12,8,21,9,8,4,0.15,2.0,1705000372,1705002172
292,675,2024-01-11 19:46:27.8205437,2024-01-11 20:16:27.8347802,general,random20,16,9,15,20,2,4,0.75,0.5,1705002387,1705004187
293,676,2024-01-11 20:20:02.4200879,2024-01-11 20:50:02.4238071,general,random20,16,9,15,20,2,4,0.75,0.5,1705004402,1705006202
294,677,2024-01-11 20:53:36.6719425,2024-01-11 21:23:36.6762831,general,random20,16,9,15,20,2,4,0.75,0.5,1705006416,1705008216
295,678,2024-01-11 21:27:11.2375741,2024-01-11 21:57:11.2435903,general,random21,3,2,7,9,20,2,0.25,1.0,1705008431,1705010231
296,679,2024-01-11 22:00:46.3754336,2024-01-11 22:30:46.3854875,general,random21,3,2,7,9,20,2,0.25,1.0,1705010446,1705012246
297,680,2024-01-11 22:34:21.4973214,2024-01-11 23:04:21.5037009,general,random21,3,2,7,9,20,2,0.25,1.0,1705012461,1705014261
298,681,2024-01-17 13:20:39.0683765,2024-01-17 13:50:39.0707325,unl,random22,5,3,20,7,9,4,0.5,1.0,1705497639,1705499439
299,682,2024-01-17 13:54:13.8614301,2024-01-17 14:24:13.8634696,unl,random22,5,3,20,7,9,4,0.5,1.0,1705499653,1705501453
300,683,2024-01-17 14:27:48.7661735,2024-01-17 14:57:48.7733487,unl,random22,5,3,20,7,9,4,0.5,1.0,1705501668,1705503468
301,684,2024-01-17 15:01:24.4871727,2024-01-17 15:31:24.4904522,unl,random23,7,1,9,5,3,9,0.25,2.0,1705503684,1705505484
302,685,2024-01-17 15:35:00.3530849,2024-01-17 16:05:00.3576284,unl,random23,7,1,9,5,3,9,0.25,2.0,1705505700,1705507500
303,686,2024-01-17 16:08:35.9125310,2024-01-17 16:38:35.9258245,unl,random23,7,1,9,5,3,9,0.25,2.0,1705507715,1705509515
304,687,2024-01-17 16:42:11.7408432,2024-01-17 17:12:11.7467682,unl,random24,2,1,4,2,3,5,0.15,3.0,1705509731,1705511531
305,688,2024-01-17 17:15:47.6743956,2024-01-17 17:45:47.6793466,unl,random24,2,1,4,2,3,5,0.15,3.0,1705511747,1705513547
306,689,2024-01-17 17:49:22.6945911,2024-01-17 18:19:22.7004256,unl,random24,2,1,4,2,3,5,0.15,3.0,1705513762,1705515562
307,690,2024-01-17 18:22:59.4998041,2024-01-17 18:52:59.5048262,unl,random25,16,3,17,2,5,8,0.75,0.5,1705515779,1705517579
308,691,2024-01-17 18:56:34.1769989,2024-01-17 19:26:34.1836237,unl,random25,16,3,17,2,5,8,0.75,0.5,1705517794,1705519594
309,692,2024-01-17 19:30:08.8113518,2024-01-17 20:00:08.8367617,unl,random25,16,3,17,2,5,8,0.75,0.5,1705519808,1705521608
310,693,2024-01-18 13:11:46.4826806,2024-01-18 13:41:46.4912551,unl,random22,5,3,20,7,9,4,0.5,1.0,1705583506,1705585306
311,694,2024-01-18 13:45:19.7550135,2024-01-18 14:15:19.7560361,unl,random22,5,3,20,7,9,4,0.5,1.0,1705585519,1705587319
312,695,2024-01-18 14:18:53.3273130,2024-01-18 14:48:53.3317947,unl,random22,5,3,20,7,9,4,0.5,1.0,1705587533,1705589333
313,696,2024-01-18 14:52:27.3882018,2024-01-18 15:22:27.3979384,unl,random23,7,1,9,5,3,9,0.25,2.0,1705589547,1705591347
314,697,2024-01-18 15:26:01.2468593,2024-01-18 15:56:01.2494994,unl,random23,7,1,9,5,3,9,0.25,2.0,1705591561,1705593361
315,698,2024-01-18 15:59:35.6355866,2024-01-18 16:29:35.6388791,unl,random23,7,1,9,5,3,9,0.25,2.0,1705593575,1705595375
316,699,2024-01-18 16:33:10.3339564,2024-01-18 17:03:10.3373181,unl,random24,2,1,4,2,3,5,0.15,3.0,1705595590,1705597390
317,700,2024-01-18 17:06:44.4756655,2024-01-18 17:36:44.4779881,unl,random24,2,1,4,2,3,5,0.15,3.0,1705597604,1705599404
318,701,2024-01-18 17:40:20.3311623,2024-01-18 18:10:20.3361090,unl,random24,2,1,4,2,3,5,0.15,3.0,1705599620,1705601420
319,702,2024-01-18 18:13:55.3833801,2024-01-18 18:43:55.4486712,unl,random25,16,3,17,2,5,8,0.75,0.5,1705601635,1705603435
320,703,2024-01-18 18:47:28.6758570,2024-01-18 19:17:28.7348702,unl,random25,16,3,17,2,5,8,0.75,0.5,1705603648,1705605448
321,704,2024-01-18 19:21:02.2332090,2024-01-18 19:51:02.2433379,unl,random25,16,3,17,2,5,8,0.75,0.5,1705605662,1705607462
322,705,2024-01-18 19:54:36.1972317,2024-01-18 20:24:36.2037902,unl,random26,4,2,7,10,9,2,0.5,1.0,1705607676,1705609476
323,706,2024-01-18 20:28:09.8578918,2024-01-18 20:58:09.8653805,unl,random26,4,2,7,10,9,2,0.5,1.0,1705609689,1705611489
324,707,2024-01-18 21:01:43.6957650,2024-01-18 21:31:43.6984440,unl,random26,4,2,7,10,9,2,0.5,1.0,1705611703,1705613503
325,708,2024-01-18 21:35:17.2061237,2024-01-18 22:05:17.2130548,unl,random27,8,1,23,4,8,2,0.25,3.0,1705613717,1705615517
326,709,2024-01-18 22:08:50.9430547,2024-01-18 22:38:50.9475425,unl,random27,8,1,23,4,8,2,0.25,3.0,1705615730,1705617530
327,710,2024-01-18 22:42:24.9514905,2024-01-18 23:12:24.9598550,unl,random27,8,1,23,4,8,2,0.25,3.0,1705617744,1705619544
328,711,2024-01-18 23:15:59.6541431,2024-01-18 23:45:59.6568949,unl,random28,20,18,23,8,4,16,0.5,1.0,1705619759,1705621559
329,712,2024-01-18 23:49:33.9823415,2024-01-19 00:19:33.9854755,unl,random28,20,18,23,8,4,16,0.5,1.0,1705621773,1705623573
330,713,2024-01-19 00:23:08.5330606,2024-01-19 00:53:08.5417381,unl,random28,20,18,23,8,4,16,0.5,1.0,1705623788,1705625588
331,714,2024-01-19 00:56:42.9001595,2024-01-19 01:26:42.9031478,unl,random29,18,20,8,4,6,4,0.25,3.0,1705625802,1705627602
332,715,2024-01-19 01:30:16.3550833,2024-01-19 02:00:16.3582969,unl,random29,18,20,8,4,6,4,0.25,3.0,1705627816,1705629616
333,716,2024-01-19 02:03:50.1184798,2024-01-19 02:33:50.1214603,unl,random29,18,20,8,4,6,4,0.25,3.0,1705629830,1705631630
334,717,2024-01-19 02:37:23.5929531,2024-01-19 03:07:23.5977598,unl,random30,15,4,20,8,2,8,1.0,1.0,1705631843,1705633643
335,718,2024-01-19 03:10:57.9766699,2024-01-19 03:40:57.9794300,unl,random30,15,4,20,8,2,8,1.0,1.0,1705633857,1705635657
336,719,2024-01-19 03:44:32.5404468,2024-01-19 04:14:32.5472689,unl,random30,15,4,20,8,2,8,1.0,1.0,1705635872,1705637672
337,720,2024-01-19 04:18:07.9259423,2024-01-19 04:48:07.9860640,unl,random31,8,6,18,4,4,4,0.25,0.5,1705637887,1705639687
338,721,2024-01-19 04:51:40.8244720,2024-01-19 05:21:40.8270549,unl,random31,8,6,18,4,4,4,0.25,0.5,1705639900,1705641700
339,722,2024-01-19 05:25:14.2174689,2024-01-19 05:55:14.2202485,unl,random31,8,6,18,4,4,4,0.25,0.5,1705641914,1705643714
340,723,2024-01-19 05:58:47.8180228,2024-01-19 06:28:47.8235595,unl,random32,3,2,5,2,2,2,0.5,1.0,1705643927,1705645727
341,724,2024-01-19 06:32:21.4147264,2024-01-19 07:02:21.4198592,unl,random32,3,2,5,2,2,2,0.5,1.0,1705645941,1705647741
342,725,2024-01-19 07:05:54.8455951,2024-01-19 07:35:54.8482264,unl,random32,3,2,5,2,2,2,0.5,1.0,1705647954,1705649754
343,726,2024-01-19 07:39:28.9882014,2024-01-19 08:09:28.9994458,unl,random33,19,8,23,4,8,2,0.25,3.0,1705649968,1705651768
344,727,2024-01-19 08:13:03.1876339,2024-01-19 08:43:03.1921971,unl,random33,19,8,23,4,8,2,0.25,3.0,1705651983,1705653783
345,728,2024-01-19 08:46:37.4530378,2024-01-19 09:16:37.4624657,unl,random33,19,8,23,4,8,2,0.25,3.0,1705653997,1705655797
346,729,2024-01-19 11:55:40.1699290,2024-01-19 12:25:40.1768631,general,random22,5,3,20,7,9,4,0.5,1.0,1705665340,1705667140
347,730,2024-01-19 12:29:14.6745327,2024-01-19 12:59:14.6765459,general,random22,5,3,20,7,9,4,0.5,1.0,1705667354,1705669154
348,731,2024-01-19 13:02:49.5821082,2024-01-19 13:32:49.5913928,general,random22,5,3,20,7,9,4,0.5,1.0,1705669369,1705671169
349,732,2024-01-19 13:36:24.7956167,2024-01-19 14:06:24.7984968,general,random23,7,1,9,5,3,9,0.25,2.0,1705671384,1705673184
350,733,2024-01-19 14:10:00.4548843,2024-01-19 14:40:00.4605333,general,random23,7,1,9,5,3,9,0.25,2.0,1705673400,1705675200
351,734,2024-01-19 14:43:35.6923727,2024-01-19 15:13:35.6957311,general,random23,7,1,9,5,3,9,0.25,2.0,1705675415,1705677215
352,735,2024-01-19 15:17:11.1575986,2024-01-19 15:47:11.1616026,general,random24,2,1,4,2,3,5,0.15,3.0,1705677431,1705679231
353,736,2024-01-19 15:50:45.9583486,2024-01-19 16:20:45.9645384,general,random24,2,1,4,2,3,5,0.15,3.0,1705679445,1705681245
354,737,2024-01-19 16:24:20.6363158,2024-01-19 16:54:20.6426989,general,random24,2,1,4,2,3,5,0.15,3.0,1705681460,1705683260
355,738,2024-01-19 16:57:56.0442127,2024-01-19 17:27:56.0619797,general,random25,16,3,17,2,5,8,0.75,0.5,1705683476,1705685276
356,739,2024-01-19 17:31:29.7641545,2024-01-19 18:01:29.7707422,general,random25,16,3,17,2,5,8,0.75,0.5,1705685489,1705687289
357,740,2024-01-19 18:05:03.1980517,2024-01-19 18:35:03.2041165,general,random25,16,3,17,2,5,8,0.75,0.5,1705687503,1705689303
358,741,2024-01-19 18:38:36.6452344,2024-01-19 19:08:36.6487318,general,random26,4,2,7,10,9,2,0.5,1.0,1705689516,1705691316
359,742,2024-01-19 19:12:10.8337361,2024-01-19 19:42:10.8411078,general,random26,4,2,7,10,9,2,0.5,1.0,1705691530,1705693330
360,743,2024-01-19 19:45:44.6396234,2024-01-19 20:15:44.6428379,general,random26,4,2,7,10,9,2,0.5,1.0,1705693544,1705695344
361,744,2024-01-19 20:19:18.7951386,2024-01-19 20:49:18.8009626,general,random27,8,1,23,4,8,2,0.25,3.0,1705695558,1705697358
362,745,2024-01-19 20:52:52.8522174,2024-01-19 21:22:52.8564323,general,random27,8,1,23,4,8,2,0.25,3.0,1705697572,1705699372
363,746,2024-01-19 21:26:27.3234593,2024-01-19 21:56:27.3265222,general,random27,8,1,23,4,8,2,0.25,3.0,1705699587,1705701387
364,747,2024-01-19 22:00:01.6380175,2024-01-19 22:30:01.6457071,general,random28,20,18,23,8,4,16,0.5,1.0,1705701601,1705703401
365,748,2024-01-19 22:33:36.6199013,2024-01-19 23:03:36.6274676,general,random28,20,18,23,8,4,16,0.5,1.0,1705703616,1705705416
366,749,2024-01-19 23:07:12.8930573,2024-01-19 23:37:12.8970164,general,random28,20,18,23,8,4,16,0.5,1.0,1705705632,1705707432
367,750,2024-01-19 23:40:49.6572596,2024-01-20 00:10:49.6593996,general,random29,18,20,8,4,6,4,0.25,3.0,1705707649,1705709449
368,751,2024-01-20 00:14:24.4097982,2024-01-20 00:44:24.4126883,general,random29,18,20,8,4,6,4,0.25,3.0,1705709664,1705711464
369,752,2024-01-20 00:47:58.7269655,2024-01-20 01:17:58.7312773,general,random29,18,20,8,4,6,4,0.25,3.0,1705711678,1705713478
370,753,2024-01-20 01:21:32.6299318,2024-01-20 01:51:32.6406703,general,random30,15,4,20,8,2,8,1.0,1.0,1705713692,1705715492
371,754,2024-01-20 01:55:06.8912553,2024-01-20 02:25:06.8964295,general,random30,15,4,20,8,2,8,1.0,1.0,1705715706,1705717506
372,755,2024-01-20 02:28:41.9156682,2024-01-20 02:58:41.9201308,general,random30,15,4,20,8,2,8,1.0,1.0,1705717721,1705719521
373,756,2024-01-20 03:02:17.0682269,2024-01-20 03:32:17.0761738,general,random31,8,6,18,4,4,4,0.25,0.5,1705719737,1705721537
374,757,2024-01-20 03:35:51.1013338,2024-01-20 04:05:51.1045590,general,random31,8,6,18,4,4,4,0.25,0.5,1705721751,1705723551
375,758,2024-01-20 04:09:25.0644731,2024-01-20 04:39:25.0711445,general,random31,8,6,18,4,4,4,0.25,0.5,1705723765,1705725565
376,759,2024-01-20 04:42:59.7197888,2024-01-20 05:12:59.7254418,general,random32,3,2,5,2,2,2,0.5,1.0,1705725779,1705727579
377,760,2024-01-20 05:16:34.1638368,2024-01-20 05:46:34.1666149,general,random32,3,2,5,2,2,2,0.5,1.0,1705727794,1705729594
378,761,2024-01-20 05:50:08.2461471,2024-01-20 06:20:08.2541699,general,random32,3,2,5,2,2,2,0.5,1.0,1705729808,1705731608
379,762,2024-01-20 06:23:42.6007382,2024-01-20 06:53:42.6043583,general,random33,19,8,23,4,8,2,0.25,3.0,1705731822,1705733622
380,763,2024-01-20 06:57:17.1499103,2024-01-20 07:27:17.1534211,general,random33,19,8,23,4,8,2,0.25,3.0,1705733837,1705735637
381,764,2024-01-20 07:30:51.5885579,2024-01-20 08:00:51.5927067,general,random33,19,8,23,4,8,2,0.25,3.0,1705735851,1705737651
